<?xml version="1.0" encoding="UTF-8" ?>
<!DOCTYPE mapper PUBLIC "-//mybatis.org//DTD Mapper 3.0//EN" "http://mybatis.org/dtd/mybatis-3-mapper.dtd" >
<mapper namespace="com.mialab.healthbutler.manager.persistence.system.SystemRoleMapper" >
  <resultMap id="BaseResultMap" type="com.mialab.healthbutler.manager.domain.system.SystemRole" >
    <id column="ID" property="id" jdbcType="VARCHAR" />
    <result column="PID" property="pid" jdbcType="VARCHAR" />
    <result column="TEXT" property="text" jdbcType="VARCHAR" />
    <result column="SEQ" property="seq" jdbcType="DECIMAL" />
    <result column="DESCRIPT" property="descript" jdbcType="VARCHAR" />
  </resultMap>
  <sql id="Base_Column_List" >
    ID, PID, TEXT, SEQ, DESCRIPT
  </sql>
  
  <select id="find" parameterType="string" resultMap="BaseResultMap">
    SELECT a.*, b.id as parentId, b.TEXT as parentText
    FROM sys_role a left join sys_role b on a.pid= b.id
    WHERE 1=1
    	<if test="value == null">
			and a.pid is null
		</if> 
		<if test="value != null">
			and a.pid=#{value}
		</if> 
    ORDER BY a.seq
  </select>
  
  <select id="getSubTree" parameterType="string" resultType="SystemRole" flushCache="true">
		SELECT ID, PID, TEXT, SEQ, DESCRIPT
		FROM sys_role t
		WHERE 1=1
		<if test="value == null">
			and t.pid is null
		</if>
		<if test="value != null">
			and t.pid=#{value}
		</if>
		ORDER BY t.seq
	</select>
	
   <select id="findByGroupId" parameterType="java.lang.Integer" resultType="string">
    SELECT group_name
    FROM group_manager
    WHERE group_id = #{value}
  </select>
  
   <select id="listRoles" resultMap="BaseResultMap">
    SELECT rid as groupId, text as groupName
    FROM sys_role
  </select>
  
  <insert id="save" parameterType="SystemRole" useGeneratedKeys = "true">
    <!-- <selectKey resultType="java.lang.String" keyProperty="groupId" order="AFTER" >
	    SELECT LAST_INSERT_ID() as groupId
	  </selectKey> -->
	   <selectKey keyProperty="rid" resultType="int" order="BEFORE">
			 SELECT nextval('sys_role_sys_role_id_seq'::regclass) as rid  
		</selectKey>  
    INSERT INTO sys_role (rid,id, pid, text, seq, descript)
    VALUES (#{rid},
    		#{id,jdbcType=VARCHAR}, 
    		#{pid,jdbcType=VARCHAR}, 
    		#{text,jdbcType=VARCHAR}, 
      		#{seq,jdbcType=VARCHAR}, 
      		#{descript,jdbcType=VARCHAR})
  </insert>
  
  <update id="update" parameterType="SystemRole">
      update sys_role
    <set >
    	<if test="pid != null and pid != 'null'  and pid != '' " >
        PID = #{pid,jdbcType=VARCHAR},
      </if>
      <if test="text != null" >
        TEXT = #{text,jdbcType=VARCHAR},
      </if>
      <if test="seq != null" >
        SEQ = #{seq,jdbcType=DECIMAL},
      </if>
      <if test="descript != null" >
        DESCRIPT = #{descript,jdbcType=VARCHAR},
      </if>
    </set>
    where ID = #{id,jdbcType=VARCHAR}
  </update>
  
  <delete id="del" parameterType="string">
      DELETE FROM sys_role
      WHERE
      	ID = #{value}
  </delete>
  
  <insert id="saveRoleMenus" parameterType="map">
  <selectKey keyProperty="id" resultType="int" order="BEFORE">
			 SELECT nextval('sys_role_menu_sys_role_menu_id_seq'::regclass) as id  
		</selectKey>  
    insert into sys_role_menu (id,role_id, menu_id)
    values (#{id},#{roleId}, #{menuId})
  </insert>
  
  <insert id="saveRoleResources" parameterType="map">
  	<selectKey keyProperty="id" resultType="int" order="BEFORE">
			 SELECT nextval('sys_role_resources_sys_role_resources_id_seq'::regclass) as id  
		</selectKey>  
    insert into sys_role_resources (id,role_id, resources_id)
    values (#{id},#{roleId}, #{resourceId})
  </insert>
  
  <delete id="deleteRoleResources" parameterType="string">
      DELETE FROM sys_role_resources
      WHERE
      	role_id = #{value}
  </delete>
  
  <delete id="deleteRoleMenus" parameterType="string">
      DELETE FROM sys_role_menu
      WHERE
      	role_id = #{value}
  </delete>
  
</mapper>